{
    "building_name": "cbecs5",
    "building_area_type": "Office",
    "year_built": 1972,
    "ashrae_climate_zone": "2B",
    "epw_file": "USA_AZ_Tucson-Davis-Monthan.AFB.722745_TMY3.epw",
    "gross_conditioned_area(ft2)": 30000,
    "number_of_floor": 2,
    "floor_to_ceil_height(ft)": 14,
    "south_gross_wall_area(ft2)": 3429.2856398964495,
    "east_gross_wall_area(ft2)": 3429.2856398964495,
    "north_gross_wall_area(ft2)": 3429.2856398964495,
    "west_gross_wall_area(ft2)": 3429.2856398964495,
    "south_window_area(ft2)": 171.4642819948225,
    "east_window_area(ft2)": 171.4642819948225,
    "north_window_area(ft2)": 171.4642819948225,
    "west_window_area(ft2)": 171.4642819948225,
    "wall_type": "Mass",
    "wall_u_factor(Btu/h-ft2-F)": 2.2612579970343223,
    "roof_type": "IEAD",
    "roof_u_factor(Btu/h-ft2-F)": 3.2136655442143693,
    "window_U_factor(Btu/h-ft2-F)": 4.451420560966045,
    "window_shgc": 0.34597001472225286,
    "people_density(people/1000ft2)": 0.6333333333333333,
    "lpd(W/ft2)": 1.2749359489519567,
    "plug_load_density(W/ft2)": 0.9337670384138786,
    "Infiltration_rate(cfm/ft2)": 0.7975717130018867,
    "weekly_occupied_hours(hr/wk)": 65,
    "number_days_open_workday": 5,
    "number_days_open_weekend": 2,
    "heating_system_type": "HotWater",
    "cooling_system_type": "ChilledWater",
    "ventilation_rate": 0.584189814053779,
    "economizer_used": "No",
    "heat_recovery_used": "No"
}