{
    "building_name": "cbecs2",
    "building_area_type": "Retail",
    "year_built": 1985,
    "ashrae_climate_zone": "3A",
    "epw_file": "USA_GA_Atlanta-Hartsfield.Jackson.Intl.AP.722190_TMY3.epw",
    "gross_conditioned_area(ft2)": 114000,
    "number_of_floor": 1,
    "floor_to_ceil_height(ft)": 12,
    "south_gross_wall_area(ft2)": 6053.140672411307,
    "east_gross_wall_area(ft2)": 2711.9805879978967,
    "north_gross_wall_area(ft2)": 6053.140672411307,
    "west_gross_wall_area(ft2)": 2711.9805879978967,
    "south_window_area(ft2)": 302.65703362056536,
    "east_window_area(ft2)": 135.59902939989485,
    "north_window_area(ft2)": 302.65703362056536,
    "west_window_area(ft2)": 135.59902939989485,
    "wall_type": "Mass",
    "wall_u_factor(Btu/h-ft2-F)": 1.8938684306364877,
    "roof_type": "IEAD",
    "roof_u_factor(Btu/h-ft2-F)": 3.371038154391093,
    "window_U_factor(Btu/h-ft2-F)": 0.1720312261093232,
    "window_shgc": 0.9225222322508512,
    "people_density(people/1000ft2)": 5.0,
    "lpd(W/ft2)": 0.7721339985742977,
    "plug_load_density(W/ft2)": 0.4946724385312724,
    "Infiltration_rate(cfm/ft2)": 0.3078655895609722,
    "weekly_occupied_hours(hr/wk)": 72,
    "number_days_open_workday": 5,
    "number_days_open_weekend": 2,
    "heating_system_type": "Gas",
    "cooling_system_type": "SingleSpeedDX",
    "ventilation_rate": 0.4391057295895192,
    "economizer_used": "Yes",
    "heat_recovery_used": "No"
}