{
    "building_name": "cbecs3",
    "building_area_type": "Dining: Cafeteria/fast food",
    "year_built": 1958,
    "ashrae_climate_zone": "5A",
    "epw_file": "USA_NY_Buffalo.Niagara.Intl.AP.725280_TMY3.epw",
    "gross_conditioned_area(ft2)": 2550,
    "number_of_floor": 1,
    "floor_to_ceil_height(ft)": 12,
    "south_gross_wall_area(ft2)": 743.1478991425597,
    "east_gross_wall_area(ft2)": 494.11429464265933,
    "north_gross_wall_area(ft2)": 743.1478991425597,
    "west_gross_wall_area(ft2)": 494.11429464265933,
    "south_window_area(ft2)": 282.3962016741727,
    "east_window_area(ft2)": 187.76343196421055,
    "north_window_area(ft2)": 282.3962016741727,
    "west_window_area(ft2)": 187.76343196421055,
    "wall_type": "Wood Framed",
    "wall_u_factor(Btu/h-ft2-F)": 3.326339734662765,
    "roof_type": "Attic and Other",
    "roof_u_factor(Btu/h-ft2-F)": 0.18973620914657208,
    "window_U_factor(Btu/h-ft2-F)": 3.2852852645693877,
    "window_shgc": 0.31885576882307076,
    "people_density(people/1000ft2)": 3.9215686274509802,
    "lpd(W/ft2)": 1.1684812830278615,
    "plug_load_density(W/ft2)": 0.9548800933012611,
    "Infiltration_rate(cfm/ft2)": 0.4750553632261809,
    "weekly_occupied_hours(hr/wk)": 40,
    "number_days_open_workday": 5,
    "number_days_open_weekend": 0,
    "heating_system_type": "None",
    "cooling_system_type": "None",
    "ventilation_rate": 0.7354652845789358,
    "economizer_used": "No",
    "heat_recovery_used": "No"
}