{
    "building_name": "cbecs4",
    "building_area_type": "Hotel/Motel",
    "year_built": 1983,
    "ashrae_climate_zone": "2A",
    "epw_file": "USA_FL_Tampa-MacDill.AFB.747880_TMY3.epw",
    "gross_conditioned_area(ft2)": 500000,
    "number_of_floor": 20,
    "floor_to_ceil_height(ft)": 8,
    "south_gross_wall_area(ft2)": 47436.694657195505,
    "east_gross_wall_area(ft2)": 13491.665147097698,
    "north_gross_wall_area(ft2)": 47436.694657195505,
    "west_gross_wall_area(ft2)": 13491.665147097698,
    "south_window_area(ft2)": 29885.11763403317,
    "east_window_area(ft2)": 8499.74904267155,
    "north_window_area(ft2)": 29885.11763403317,
    "west_window_area(ft2)": 8499.74904267155,
    "wall_type": "Steel-Framed",
    "wall_u_factor(Btu/h-ft2-F)": 1.674289216851701,
    "roof_type": "IEAD",
    "roof_u_factor(Btu/h-ft2-F)": 3.633812119477646,
    "window_U_factor(Btu/h-ft2-F)": 0.35678748171076025,
    "window_shgc": 0.4329293624517957,
    "people_density(people/1000ft2)": 5.0,
    "lpd(W/ft2)": 0.7148060705855654,
    "plug_load_density(W/ft2)": 0.3484781598513011,
    "Infiltration_rate(cfm/ft2)": 0.07908724704011394,
    "weekly_occupied_hours(hr/wk)": 168,
    "number_days_open_workday": 5,
    "number_days_open_weekend": 2,
    "heating_system_type": "HotWater",
    "cooling_system_type": "ChilledWater",
    "ventilation_rate": 0.08749470131680925,
    "economizer_used": "No",
    "heat_recovery_used": "No"
}