{
    "building_name": "cbecs5",
    "building_area_type": "Office",
    "year_built": 1972,
    "ashrae_climate_zone": "2B",
    "epw_file": "USA_AZ_Tucson-Davis-Monthan.AFB.722745_TMY3.epw",
    "conditioned_floor_area(m2)": 2787.0912000000003,
    "number_of_floor": 2,
    "floor_to_ceil_height(m)": 4.2672,
    "south_gross_wall_area(m2)": 318.59106097472545,
    "east_gross_wall_area(m2)": 318.59106097472545,
    "north_gross_wall_area(m2)": 318.59106097472545,
    "west_gross_wall_area(m2)": 318.59106097472545,
    "south_window_area(m2)": 15.929553048736276,
    "east_window_area(m2)": 15.929553048736276,
    "north_window_area(m2)": 15.929553048736276,
    "west_window_area(m2)": 15.929553048736276,
    "wall_type": "Mass",
    "wall_u_factor(W/m-K)": 3.9136383594971975,
    "roof_type": "IEAD",
    "roof_u_factor(W/m-K)": 5.562003435665856,
    "window_U_factor(W/m-K)": 7.7042293645835676,
    "window_shgc": 0.34597001472225286,
    "people_density(person/m2)": 0.006817143263916157,
    "lpd(W/m2)": 13.723296341561662,
    "plug_load_density(W/m2)": 10.050984751563336,
    "Infiltration_rate(m3/s-m2)": 0.004051664302049585,
    "weekly_occupied_hours(hr/wk)": 65,
    "number_days_open_workday": 5,
    "number_days_open_weekend": 2,
    "heating_system_type": "HotWater",
    "cooling_system_type": "ChilledWater",
    "ventilation_rate": 0.584189814053779,
    "economizer_used": "No",
    "heat_recovery_used": "No"
}