{
    "building_name": "cbecs3",
    "building_area_type": "Dining: Cafeteria/fast food",
    "year_built": 1958,
    "ashrae_climate_zone": "5A",
    "epw_file": "USA_NY_Buffalo.Niagara.Intl.AP.725280_TMY3.epw",
    "gross_conditioned_area(m2)": 236.90275200000002,
    "number_of_floor": 1,
    "floor_to_ceil_height(m)": 3.6576000000000004,
    "south_gross_wall_area(m2)": 69.0406989999572,
    "east_gross_wall_area(m2)": 45.90472007975877,
    "north_gross_wall_area(m2)": 69.0406989999572,
    "west_gross_wall_area(m2)": 45.90472007975877,
    "south_window_area(m2)": 26.235465619983735,
    "east_window_area(m2)": 17.44379363030833,
    "north_window_area(m2)": 26.235465619983735,
    "west_window_area(m2)": 17.44379363030833,
    "wall_type": "Wood Framed",
    "wall_u_factor(W/m2-K)": 18.887831840765397,
    "roof_type": "Attic and Other",
    "roof_u_factor(W/m2-K)": 1.077372096157242,
    "window_U_factor(W/m2-K)": 18.654713762249568,
    "window_shgc": 0.31885576882307076,
    "people_density(person/m2)": 0.042211413398861655,
    "lpd(W/m2)": 12.577427854113939,
    "plug_load_density(W/m2)": 10.278243782994195,
    "Infiltration_rate(m3/s-m2)": 0.002413281245188999,
    "weekly_occupied_hours(hr/wk)": 40,
    "number_days_open_workday": 5,
    "number_days_open_weekend": 0,
    "heating_system_type": "None",
    "cooling_system_type": "None",
    "ventilation_rate": 0.7354652845789358,
    "economizer_used": "No",
    "heat_recovery_used": "No"
}