{
    "building_name": "cbecs1",
    "building_area_type": "Workshop",
    "year_built": 1975,
    "ashrae_climate_zone": "5A",
    "epw_file": "USA_NY_Buffalo.Niagara.Intl.AP.725280_TMY3.epw",
    "gross_conditioned_area(m2)": 222.967296,
    "number_of_floor": 1,
    "floor_to_ceil_height(m)": 2.4384,
    "south_gross_wall_area(m2)": 46.85497380404731,
    "east_gross_wall_area(m2)": 28.29406630679186,
    "north_gross_wall_area(m2)": 46.85497380404731,
    "west_gross_wall_area(m2)": 28.29406630679186,
    "south_window_area(m2)": 0.23427486902023653,
    "east_window_area(m2)": 0.14147033153395927,
    "north_window_area(m2)": 0.23427486902023653,
    "west_window_area(m2)": 0.14147033153395927,
    "wall_type": "Wood Framed",
    "wall_u_factor(W/m2-K)": 27.644578591632648,
    "roof_type": "Attic and Other",
    "roof_u_factor(W/m2-K)": 8.369011126196009,
    "window_U_factor(W/m2-K)": 28.33368159424457,
    "window_shgc": 0.5810598119651055,
    "people_density(person/m2)": 0.008969925347258103,
    "lpd(W/m2)": 7.103681677172219,
    "plug_load_density(W/m2)": 7.132174378110287,
    "Infiltration_rate(m3/s-m2)": 0.003597272601188564,
    "weekly_occupied_hours(hr/wk)": 16,
    "number_days_open_workday": 3,
    "number_days_open_weekend": 0,
    "heating_system_type": "Electric",
    "cooling_system_type": "SingleSpeedDX",
    "ventilation_rate": 0.5047522473475168,
    "economizer_used": "No",
    "heat_recovery_used": "No"
}