{
    "building_name": "cbecs2",
    "building_area_type": "Retail",
    "year_built": 1985,
    "ashrae_climate_zone": "3A",
    "epw_file": "USA_GA_Atlanta-Hartsfield.Jackson.Intl.AP.722190_TMY3.epw",
    "gross_conditioned_area(m2)": 10590.94656,
    "number_of_floor": 1,
    "floor_to_ceil_height(m)": 3.6576000000000004,
    "south_gross_wall_area(m2)": 562.3551700146545,
    "east_gross_wall_area(m2)": 251.95124104599213,
    "north_gross_wall_area(m2)": 562.3551700146545,
    "west_gross_wall_area(m2)": 251.95124104599213,
    "south_window_area(m2)": 28.11775850073273,
    "east_window_area(m2)": 12.597562052299608,
    "north_window_area(m2)": 28.11775850073273,
    "west_window_area(m2)": 12.597562052299608,
    "wall_type": "Mass",
    "wall_u_factor(W/m2-K)": 2.9385011025000005,
    "roof_type": "IEAD",
    "roof_u_factor(W/m2-K)": 0.43722625099999995,
    "window_U_factor(W/m2-K)": 5.50791511,
    "window_shgc": 0.3325,
    "people_density(person/m2)": 0.05381955208354861,
    "lpd(W/m2)": 35.52090437514208,
    "plug_load_density(W/m2)": 5.324609813965963,
    "Infiltration_rate(m3/s-m2)": 0.00381,
    "weekly_occupied_hours(hr/wk)": 72,
    "number_days_open_workday": 5,
    "number_days_open_weekend": 2,
    "heating_system_type": "Gas",
    "cooling_system_type": "SingleSpeedDX",
    "ventilation_rate_per_person(m3/s-person)": 0.0035396058294948273,
    "ventilation_rate_per_area(m3/s-m2)": 0.0006096,
    "economizer_used": "Yes",
    "heat_recovery_used": "No"
}