{
    "building_name": "cbecs4",
    "building_area_type": "Hotel/Motel",
    "year_built": 1983,
    "ashrae_climate_zone": "2A",
    "epw_file": "USA_FL_Tampa-MacDill.AFB.747880_TMY3.epw",
    "gross_conditioned_area(m2)": 46451.520000000004,
    "number_of_floor": 20,
    "floor_to_ceil_height(m)": 2.4384,
    "south_gross_wall_area(m2)": 4407.013141205221,
    "east_gross_wall_area(m2)": 1253.4167068274235,
    "north_gross_wall_area(m2)": 4407.013141205221,
    "west_gross_wall_area(m2)": 1253.4167068274235,
    "south_window_area(m2)": 2776.418278959289,
    "east_window_area(m2)": 789.6525253012768,
    "north_window_area(m2)": 2776.418278959289,
    "west_window_area(m2)": 789.6525253012768,
    "wall_type": "Steel-Framed",
    "wall_u_factor(W/m2-K)": 9.50705451134799,
    "roof_type": "IEAD",
    "roof_u_factor(W/m2-K)": 20.633740906981497,
    "window_U_factor(W/m2-K)": 2.0259331562613867,
    "window_shgc": 0.4329293624517957,
    "people_density(person/m2)": 0.05381955208354861,
    "lpd(W/m2)": 7.694108509103312,
    "plug_load_density(W/m2)": 3.7509876948192553,
    "Infiltration_rate(m3/s-m2)": 0.00040176321496377884,
    "weekly_occupied_hours(hr/wk)": 168,
    "number_days_open_workday": 5,
    "number_days_open_weekend": 2,
    "heating_system_type": "HotWater",
    "cooling_system_type": "ChilledWater",
    "ventilation_rate": 0.08749470131680925,
    "economizer_used": "No",
    "heat_recovery_used": "No"
}