{
    "building_name": "cbecs4",
    "building_area_type": "Hotel/Motel",
    "year_built": 1983,
    "ashrae_climate_zone": "2A",
    "epw_file": "USA_FL_Tampa-MacDill.AFB.747880_TMY3.epw",
    "gross_conditioned_area": 46451.520000000004,
    "number_of_floor": 20,
    "floor_to_ceil_height": 2.4384,
    "south_gross_wall_area": 4407.013141205221,
    "east_gross_wall_area": 1253.4167068274235,
    "north_gross_wall_area": 4407.013141205221,
    "west_gross_wall_area": 1253.4167068274235,
    "south_window_area": 2776.418278959289,
    "east_window_area": 789.6525253012768,
    "north_window_area": 2776.418278959289,
    "west_window_area": 789.6525253012768,
    "wall_type": "Steel-Framed",
    "wall_u_factor": 1.107261285,
    "roof_type": "IEAD",
    "roof_u_factor": 0.31798272800000005,
    "window_U_factor": 6.92748086,
    "window_shgc": 0.25,
    "people_density": 0.05381955208354861,
    "lpd": 25.83338500010333,
    "plug_load_density": 3.7509876948192553,
    "Infiltration_rate": 0.00381,
    "weekly_occupied_hours": 168,
    "number_days_open_workday": 5,
    "number_days_open_weekend": 2,
    "heating_system_type": "HotWater",
    "cooling_system_type": "ChilledWater",
    "ventilation_rate_per_person": 0.0023597372196632184,
    "ventilation_rate_per_area": 0.0003048,
    "economizer_used": "No",
    "heat_recovery_used": "No"
}