{
    "building_name": "cbecs2",
    "building_area_type": "Retail",
    "year_built": 1985,
    "ashrae_climate_zone": "3A",
    "epw_file": "USA_GA_Atlanta-Hartsfield.Jackson.Intl.AP.722190_TMY3.epw",
    "gross_conditioned_area": 10590.94656,
    "number_of_floor": 1,
    "floor_to_ceil_height": 3.6576000000000004,
    "south_gross_wall_area": 562.3551700146545,
    "east_gross_wall_area": 251.95124104599213,
    "north_gross_wall_area": 562.3551700146545,
    "west_gross_wall_area": 251.95124104599213,
    "south_window_area": 28.11775850073273,
    "east_window_area": 12.597562052299608,
    "north_window_area": 28.11775850073273,
    "west_window_area": 12.597562052299608,
    "wall_type": "Mass",
    "wall_u_factor": 10.753883036551235,
    "roof_type": "IEAD",
    "roof_u_factor": 19.141641223667232,
    "window_U_factor": 0.9768385460612039,
    "window_shgc": 0.9225222322508512,
    "people_density": 0.05381955208354861,
    "lpd": 8.311181190349613,
    "plug_load_density": 5.324609813965963,
    "Infiltration_rate": 0.0015639571949697389,
    "weekly_occupied_hours": 72,
    "number_days_open_workday": 5,
    "number_days_open_weekend": 2,
    "heating_system_type": "Gas",
    "cooling_system_type": "SingleSpeedDX",
    "ventilation_rate": 0.4391057295895192,
    "economizer_used": "Yes",
    "heat_recovery_used": "No"
}