{
    "building_name": "cbecs3",
    "building_area_type": "Dining: Cafeteria/fast food",
    "year_built": 1958,
    "ashrae_climate_zone": "5A",
    "epw_file": "USA_NY_Buffalo.Niagara.Intl.AP.725280_TMY3.epw",
    "gross_conditioned_area": 236.90275200000002,
    "number_of_floor": 1,
    "floor_to_ceil_height": 3.6576000000000004,
    "south_gross_wall_area": 69.0406989999572,
    "east_gross_wall_area": 45.90472007975877,
    "north_gross_wall_area": 69.0406989999572,
    "west_gross_wall_area": 45.90472007975877,
    "south_window_area": 26.235465619983735,
    "east_window_area": 17.44379363030833,
    "north_window_area": 26.235465619983735,
    "west_window_area": 17.44379363030833,
    "wall_type": "Wood Framed",
    "wall_u_factor": 0.9000046855,
    "roof_type": "Attic and Other",
    "roof_u_factor": 0.420191462,
    "window_U_factor": 3.5205230600000004,
    "window_shgc": 0.41,
    "people_density": 0.042211413398861655,
    "lpd": 13.993083541722639,
    "plug_load_density": 10.278243782994195,
    "Infiltration_rate": 0.00381,
    "weekly_occupied_hours": 40,
    "number_days_open_workday": 5,
    "number_days_open_weekend": 0,
    "hvac_system_type": NaN,
    "heating_system_type": "None",
    "cooling_system_type": "None",
    "ventilation_rate_per_person": 0.0035396058294948273,
    "ventilation_rate_per_area": 0.0009144,
    "economizer_used": "No",
    "heat_recovery_used": "No"
}