{
    "building_name": "cbecs5",
    "building_area_type": "Office",
    "year_built": 1972,
    "ashrae_climate_zone": "2B",
    "epw_file": "USA_AZ_Tucson-Davis-Monthan.AFB.722745_TMY3.epw",
    "gross_conditioned_area": 2787.0912000000003,
    "number_of_floor": 2,
    "floor_to_ceil_height": 4.2672,
    "south_gross_wall_area": 318.59106097472545,
    "east_gross_wall_area": 318.59106097472545,
    "north_gross_wall_area": 318.59106097472545,
    "west_gross_wall_area": 318.59106097472545,
    "south_window_area": 15.929553048736276,
    "east_window_area": 15.929553048736276,
    "north_window_area": 15.929553048736276,
    "west_window_area": 15.929553048736276,
    "wall_type": "Mass",
    "wall_u_factor": 12.840017618014103,
    "roof_type": "IEAD",
    "roof_u_factor": 18.248038154087318,
    "window_U_factor": 25.27633666877274,
    "window_shgc": 0.34597001472225286,
    "people_density": 0.006817143263916157,
    "lpd": 13.723296341561662,
    "plug_load_density": 10.050984751563336,
    "Infiltration_rate": 0.004051664302049585,
    "weekly_occupied_hours": 65,
    "number_days_open_workday": 5,
    "number_days_open_weekend": 2,
    "heating_system_type": "HotWater",
    "cooling_system_type": "ChilledWater",
    "ventilation_rate": 0.584189814053779,
    "economizer_used": "No",
    "heat_recovery_used": "No"
}