{
    "building_name": "cbecs5",
    "building_area_type": "Office",
    "year_built": 1972,
    "ashrae_climate_zone": "2B",
    "epw_file": "USA_AZ_Tucson-Davis-Monthan.AFB.722745_TMY3.epw",
    "gross_conditioned_area": 2787.0912000000003,
    "number_of_floor": 2,
    "floor_to_ceil_height": 4.2672,
    "south_gross_wall_area": 318.59106097472545,
    "east_gross_wall_area": 318.59106097472545,
    "north_gross_wall_area": 318.59106097472545,
    "west_gross_wall_area": 318.59106097472545,
    "south_window_area": 15.929553048736276,
    "east_window_area": 15.929553048736276,
    "north_window_area": 15.929553048736276,
    "west_window_area": 15.929553048736276,
    "wall_type": "Mass",
    "wall_u_factor": 1.3060004900000002,
    "roof_type": "IEAD",
    "roof_u_factor": 0.5678263,
    "window_U_factor": 6.92748086,
    "window_shgc": 0.54,
    "people_density": 0.006817143263916157,
    "lpd": 19.3750387500775,
    "plug_load_density": 10.050984751563336,
    "Infiltration_rate": 0.00381,
    "weekly_occupied_hours": 65,
    "number_days_open_workday": 5,
    "number_days_open_weekend": 2,
    "heating_system_type": "HotWater",
    "cooling_system_type": "ChilledWater",
    "ventilation_rate_per_person": 0.0023597372196632184,
    "ventilation_rate_per_area": 0.0003048,
    "economizer_used": "No",
    "heat_recovery_used": "No"
}