{
    "building_ID": "cbecs1",
    "building_type": "Workshop",
    "year_built": 1975,
    "ashrae_climate_zone": "5A",
    "epw_file": "USA_NY_Buffalo.Niagara.Intl.AP.725280_TMY3.epw",
    "conditioned_area": 222.967296,
    "number_of_floor": 1,
    "floor_to_ceil_height": 2.4384,
    "south_gross_wall_area": 46.85497380404731,
    "east_gross_wall_area": 28.29406630679186,
    "north_gross_wall_area": 46.85497380404731,
    "west_gross_wall_area": 28.29406630679186,
    "south_window_area": 0.23427486902023653,
    "east_window_area": 0.14147033153395927,
    "north_window_area": 0.23427486902023653,
    "west_window_area": 0.14147033153395927,
    "wall_type": "Wood Framed",
    "wall_u_factor": 8.426069685181776,
    "roof_type": "Attic and Other",
    "roof_u_factor": 2.5508752362292566,
    "window_U_factor": 8.636108333484179,
    "window_shgc": 0.5810598119651055,
    "people_density": 0.008969925347258103,
    "lpd": 7.103681677172219,
    "plug_load_density": 7.132174378110287,
    "Infiltration_rate": 0.003597272601188564,
    "weekly_occupied_hours(hr/wk)": 16,
    "number_days_open_workday": 3,
    "number_days_open_weekend": 0,
    "heating_system_type": "Electric",
    "cooling_system_type": "SingleSpeedDX",
    "ventilation_rate": 0.5047522473475168,
    "economizer_used": "No",
    "heat_recovery_used": "No"
}