{
    "building_name": "cbecs2",
    "building_area_type": "Retail",
    "year_built": 1985,
    "ashrae_climate_zone": "3A",
    "epw_file": "USA_GA_Atlanta-Hartsfield.Jackson.Intl.AP.722190_TMY3.epw",
    "conditioned_floor_area": 10590.94656,
    "wall_type": "Mass",
    "wall_u_factor": 3.2777843782976412,
    "roof_type": "IEAD",
    "roof_u_factor": 5.834373720140068,
    "window_U_factor": 0.29774046412031946,
    "window_shgc": 0.9225222322508512,
    "people_density": 0.05381955208354861,
    "lpd": 8.311181190349613,
    "plug_load_density": 5.324609813965963,
    "Infiltration_rate": 0.0015639571949697389,
    "weekly_occupied_hours(hr/wk)": 72,
    "number_days_open_workday": 5,
    "number_days_open_weekend": 2,
    "heating_system_type": "Gas",
    "cooling_system_type": "SingleSpeedDX",
    "ventilation_rate": 0.4391057295895192,
    "economizer_used": "Yes",
    "heat_recovery_used": "No",
    "zone_geometry": {
        "0": {
            "area": 702.9439625183181,
            "depth": 4.572,
            "height": 3.6576000000000004,
            "length": 153.74977307924718,
            "name": "Retail_south_zone",
            "num_floors": 1.0,
            "side": "south",
            "type": "perimeter",
            "window_height": 0.8178642234503233,
            "window_lengh": 34.37949441303638,
            "wwr": 0.05000000000000001
        },
        "1": {
            "area": 314.93905130749016,
            "depth": 4.572000000000001,
            "height": 3.6576000000000004,
            "length": 68.88430693514657,
            "name": "Retail_west_zone",
            "num_floors": 1.0,
            "side": "west",
            "type": "perimeter",
            "window_height": 0.8178642234503233,
            "window_lengh": 15.402999288994794,
            "wwr": 0.05
        },
        "2": {
            "area": 702.9439625183181,
            "depth": 4.572,
            "height": 3.6576000000000004,
            "length": 153.74977307924718,
            "name": "Retail_north_zone",
            "num_floors": 1.0,
            "side": "north",
            "type": "perimeter",
            "window_height": 0.8178642234503233,
            "window_lengh": 34.37949441303638,
            "wwr": 0.05000000000000001
        },
        "3": {
            "area": 314.93905130749016,
            "depth": 4.572000000000001,
            "height": 3.6576000000000004,
            "length": 68.88430693514657,
            "name": "Retail_east_zone",
            "num_floors": 1.0,
            "side": "east",
            "type": "perimeter",
            "window_height": 0.8178642234503233,
            "window_lengh": 15.402999288994794,
            "wwr": 0.05
        },
        "4": {
            "area": 8555.180532348384,
            "depth": 92.49421891312119,
            "height": 3.6576000000000004,
            "length": 92.49421891312119,
            "name": "Retail_core_zone",
            "num_floors": 1.0,
            "side": "core",
            "type": "core",
            "window_height": NaN,
            "window_lengh": NaN,
            "wwr": NaN
        }
    }
}