{
    "building_name": "cbecs5",
    "building_area_type": "Office",
    "year_built": 1972,
    "ashrae_climate_zone": "2B",
    "epw_file": "USA_AZ_Tucson-Davis-Monthan.AFB.722745_TMY3.epw",
    "conditioned_floor_area": 2787.0912000000003,
    "wall_type": "Mass",
    "wall_u_factor": 3.9136383594971975,
    "roof_type": "IEAD",
    "roof_u_factor": 5.562003435665856,
    "window_U_factor": 7.7042293645835676,
    "window_shgc": 0.34597001472225286,
    "people_density": 0.006817143263916157,
    "lpd": 13.723296341561662,
    "plug_load_density": 10.050984751563336,
    "Infiltration_rate": 0.004051664302049585,
    "weekly_occupied_hours(hr/wk)": 65,
    "number_days_open_workday": 5,
    "number_days_open_weekend": 2,
    "heating_system_type": "HotWater",
    "cooling_system_type": "ChilledWater",
    "ventilation_rate": 0.584189814053779,
    "economizer_used": "No",
    "heat_recovery_used": "No",
    "zone_geometry": {
        "0": {
            "area": 398.2388262184068,
            "depth": 5.3340000000000005,
            "height": 4.2672,
            "length": 74.66044736003127,
            "name": "Office_south_zone",
            "num_floors": 2.0,
            "side": "south",
            "type": "perimeter",
            "window_height": 0.9541749273587105,
            "window_lengh": 16.694583552757464,
            "wwr": 0.05000000000000001
        },
        "1": {
            "area": 398.2388262184068,
            "depth": 5.3340000000000005,
            "height": 4.2672,
            "length": 74.66044736003127,
            "name": "Office_west_zone",
            "num_floors": 2.0,
            "side": "west",
            "type": "perimeter",
            "window_height": 0.9541749273587105,
            "window_lengh": 16.694583552757464,
            "wwr": 0.05000000000000001
        },
        "2": {
            "area": 398.2388262184068,
            "depth": 5.3340000000000005,
            "height": 4.2672,
            "length": 74.66044736003127,
            "name": "Office_north_zone",
            "num_floors": 2.0,
            "side": "north",
            "type": "perimeter",
            "window_height": 0.9541749273587105,
            "window_lengh": 16.694583552757464,
            "wwr": 0.05000000000000001
        },
        "3": {
            "area": 398.2388262184068,
            "depth": 5.3340000000000005,
            "height": 4.2672,
            "length": 74.66044736003127,
            "name": "Office_east_zone",
            "num_floors": 2.0,
            "side": "east",
            "type": "perimeter",
            "window_height": 0.9541749273587105,
            "window_lengh": 16.694583552757464,
            "wwr": 0.05000000000000001
        },
        "4": {
            "area": 1194.135895126373,
            "depth": 34.55627142974735,
            "height": 4.2672,
            "length": 34.55627142974735,
            "name": "Office_core_zone",
            "num_floors": 2.0,
            "side": "core",
            "type": "core",
            "window_height": NaN,
            "window_lengh": NaN,
            "wwr": NaN
        }
    }
}