{
    "building_name": "cbecs4",
    "building_area_type": "Hotel/Motel",
    "year_built": 1983,
    "ashrae_climate_zone": "2A",
    "epw_file": "USA_FL_Tampa-MacDill.AFB.747880_TMY3.epw",
    "gross_conditioned_area": 46451.520000000004,
    "wall_type": "Steel-Framed",
    "wall_u_factor": 2.8977509477278285,
    "roof_type": "IEAD",
    "roof_u_factor": 6.289165818604143,
    "window_U_factor": 0.6175045821586727,
    "window_shgc": 0.4329293624517957,
    "people_density": 0.05381955208354861,
    "lpd": 7.694108509103312,
    "plug_load_density": 3.7509876948192553,
    "Infiltration_rate": 0.00040176321496377884,
    "weekly_occupied_hours(hr/wk)": 168,
    "number_days_open_workday": 5,
    "number_days_open_weekend": 2,
    "heating_system_type": "HotWater",
    "cooling_system_type": "ChilledWater",
    "ventilation_rate": 0.08749470131680925,
    "economizer_used": "No",
    "heat_recovery_used": "No",
    "zone_geometry": {
        "0": {
            "area": 275.4383213253263,
            "depth": 3.048,
            "height": 2.4384,
            "length": 90.36690332195744,
            "name": "Hotel/Motel_south_zone",
            "num_floors": 20.0,
            "side": "south",
            "type": "perimeter",
            "window_height": 1.9354199990699696,
            "window_lengh": 71.72650588227481,
            "wwr": 0.6300000000000001
        },
        "1": {
            "area": 78.33854417671397,
            "depth": 3.048,
            "height": 2.4384,
            "length": 25.701622105221116,
            "name": "Hotel/Motel_west_zone",
            "num_floors": 20.0,
            "side": "west",
            "type": "perimeter",
            "window_height": 1.9354199990699694,
            "window_lengh": 20.40003011441263,
            "wwr": 0.63
        },
        "2": {
            "area": 275.4383213253263,
            "depth": 3.048,
            "height": 2.4384,
            "length": 90.36690332195744,
            "name": "Hotel/Motel_north_zone",
            "num_floors": 20.0,
            "side": "north",
            "type": "perimeter",
            "window_height": 1.9354199990699696,
            "window_lengh": 71.72650588227481,
            "wwr": 0.6300000000000001
        },
        "3": {
            "area": 78.33854417671397,
            "depth": 3.048,
            "height": 2.4384,
            "length": 25.701622105221116,
            "name": "Hotel/Motel_east_zone",
            "num_floors": 20.0,
            "side": "east",
            "type": "perimeter",
            "window_height": 1.9354199990699694,
            "window_lengh": 20.40003011441263,
            "wwr": 0.63
        },
        "4": {
            "area": 1615.0222689959196,
            "depth": 40.1873396605936,
            "height": 2.4384,
            "length": 40.1873396605936,
            "name": "Hotel/Motel_core_zone",
            "num_floors": 20.0,
            "side": "core",
            "type": "core",
            "window_height": NaN,
            "window_lengh": NaN,
            "wwr": NaN
        }
    }
}