{
    "building_ID": "cbecs1",
    "building_type": "Workshop",
    "year_built": 1975,
    "ashrae_climate_zone": "5A",
    "epw_file": "USA_NY_Buffalo.Niagara.Intl.AP.725280_TMY3.epw",
    "conditioned_area": 222.967296,
    "wall_type": "Wood Framed",
    "wall_u_factor": 8.426069685181776,
    "roof_type": "Attic and Other",
    "roof_u_factor": 2.5508752362292566,
    "window_U_factor": 8.636108333484179,
    "window_shgc": 0.5810598119651055,
    "people_density": 0.008969925347258103,
    "lpd": 7.103681677172219,
    "plug_load_density": 7.132174378110287,
    "Infiltration_rate": 0.003597272601188564,
    "weekly_occupied_hours(hr/wk)": 16,
    "number_days_open_workday": 3,
    "number_days_open_weekend": 0,
    "heating_system_type": "Electric",
    "cooling_system_type": "SingleSpeedDX",
    "ventilation_rate": 0.5047522473475168,
    "economizer_used": "No",
    "heat_recovery_used": "No",
    "zone_geometry": {
        "0": {
            "area": 58.56871725505914,
            "depth": 3.0480000000000005,
            "height": 2.4384,
            "length": 19.21545841701415,
            "name": "Workshop_south_zone",
            "num_floors": 1.0,
            "side": "south",
            "type": "perimeter",
            "window_height": 0.17242091752452773,
            "window_lengh": 1.358738095027883,
            "wwr": 0.004999999999999999
        },
        "1": {
            "area": 35.367582883489824,
            "depth": 3.048,
            "height": 2.4384,
            "length": 11.603537691433669,
            "name": "Workshop_west_zone",
            "num_floors": 1.0,
            "side": "west",
            "type": "perimeter",
            "window_height": 0.17242091752452773,
            "window_lengh": 0.8204940187366444,
            "wwr": 0.004999999999999999
        },
        "2": {
            "area": 58.56871725505914,
            "depth": 3.0480000000000005,
            "height": 2.4384,
            "length": 19.21545841701415,
            "name": "Workshop_north_zone",
            "num_floors": 1.0,
            "side": "north",
            "type": "perimeter",
            "window_height": 0.17242091752452773,
            "window_lengh": 1.358738095027883,
            "wwr": 0.004999999999999999
        },
        "3": {
            "area": 35.367582883489824,
            "depth": 3.048,
            "height": 2.4384,
            "length": 11.603537691433669,
            "name": "Workshop_east_zone",
            "num_floors": 1.0,
            "side": "east",
            "type": "perimeter",
            "window_height": 0.17242091752452773,
            "window_lengh": 0.8204940187366444,
            "wwr": 0.004999999999999999
        },
        "4": {
            "area": 35.09469572290206,
            "depth": 5.924077626339991,
            "height": 2.4384,
            "length": 5.924077626339991,
            "name": "Workshop_core_zone",
            "num_floors": 1.0,
            "side": "core",
            "type": "core",
            "window_height": NaN,
            "window_lengh": NaN,
            "wwr": NaN
        }
    }
}